CHM1023-011,일반화학,전체,3,교양필수,상대평가,수-금,7_9-10_12,5동505,곽일환
CHM1027-009,일반화학실험,전체,1,교양필수,상대평가,월,13_16,5동510,박수진
CHM1027-010,일반화학실험,전체,1,교양필수,상대평가,금,1_4,5동511,김정호
MTH1001-040,일반수학 1,전체,3,교양필수,상대평가,화-목,13_15-13_15,5동105A,전용운
MTH1001-041,일반수학 1,전체,3,교양필수,상대평가,수-금,10_12-7_9,5동106A,박성화
NOE3601-001,선박계류시스템설계,전체,3,전공선택,절대평가,화-수,4_6-4_6,2북466,구원철
NOE3604-001,Automation System 설계,전체,3,전공선택,상대평가,월-수,10_12-13_15,2북467 2북466,이경호
NOE4603-001,통풍 시스템 설계,전체,3,전공선택,절대평가,월,20_25,2북467,이장현
PHY1001-032,물리학 1,전체,3,교양필수,상대평가,화-금,7_9-4_6,5동407,송현석
PHY1001-033,물리학 1,전체,3,교양필수,상대평가,월-수,4_6-10_12,5동407,이승훈
PHY1003-031,물리학실험 1,전체,1,교양필수,상대평가,화,1_4,5동313,이재우
PHY1003-032,물리학실험 1,전체,1,교양필수,상대평가,수,13_16,5동313,이근섭
NOE1011-001,조선해양공학개론,1,3,전공선택,절대평가,월-수,10_12-1_3,2북466 60주년-206,구원철
ACE1301-007,정보사회와컴퓨터,2,3,교양필수,상대평가,수-목,4_6-10_12,2북467 2북465,이경호
ACE1301-008,정보사회와컴퓨터,2,3,교양필수,상대평가,화-목,4_6-13_15,2북467 2북465,김상현
ACE2101-006,공업수학 1,2,3,교양필수,상대평가,월-수,13_15-13_15,2북467,구원철
NOE2001-001,동역학,2,3,전공필수,상대평가,화-목,13_15-4_6,2북467,김상현
NOE2002-001,재료역학 1,2,3,전공필수,상대평가,화-수,1_3-10_12,2북467,김경수
NOE2002-002,재료역학 1,2,3,전공필수,상대평가,화-수,10_12-1_3,2북467,김경수
NOE2005-001,조선해양공학세미나 1,2,1,전공필수,Pass/Fail,월,19_20,2북466,백광준
NOE2105-001,해양파역학,3,3,전공선택,상대평가,화-목,13_15-13_15,2북466,이영길
NOE3001-001,조선해양공학세미나 2,3,1,전공필수,Pass/Fail,월,2_3,2북467,조철희
NOE3013-001,수치해석,3,3,전공선택,상대평가,월-수,16_18-7_9,2북467,이영길
NOE3101-001,저항론,3,3,전공선택,절대평가,화-목,7_9-10_12,2북466,백광준
NOE3101-002,저항론,3,3,전공선택,절대평가,화-목,10_12-7_9,2북466,백광준
NOE3104-001,선박해양공학실험,3,3,전공필수,상대평가,화,16_27,2북166,조철희
NOE3104-002,선박해양공학실험,3,3,전공필수,상대평가,화-화,16_18-19_27,2북467 5남006,김상현
NOE3301-001,IT기반조선해양설계시스템,3,3,전공선택,상대평가,월-수,10_12-13_15,2북467 2북466,이경호
NOE3405-001,해양계류시스템동력학,3,3,전공선택,절대평가,화-수,4_6-4_6,2북466,구원철
NOE4306-001,열전달,3,3,전공선택,절대평가,월,20_25,2북467,이장현
NOE4037-001,조선해양공학연구프로젝트 1,4,1,전공선택,Pass/Fail,월,10_11,60주년-611,김상현
NOE4040-001,조선해양기술/경영특강,4,3,전공선택,절대평가,월-목,13_15-16_18,2북466,신동원_이병모
NOE4109-001,선박기본설계,4,3,전공선택,상대평가,화-목,7_9-7_9,2북467,이영길
NOE4307-001,조선해양설계생산실습,4,3,전공필수,절대평가,수-수,16_19-20_27,2북467 2남229,이경호
NOE4307-002,조선해양설계생산실습,4,3,전공필수,절대평가,수-수,16_19-20_27,2북466 60주년-607,이장현
MEG2101-004,재료역학 1,2,3,전공필수,상대평가,금,7_12,2북364,김재민
MEG2101-005,재료역학 1,2,3,전공필수,상대평가,금,13_18,2북364,김재민
MEG2120-001,열역학 1,2,3,전공필수,상대평가,월-수,4_6-7_9,2북274,김동섭
MEG2120-002,열역학 1,2,3,전공필수,상대평가,화-목,13_15-13_15,2북365,이대엽
MEG2120-003,열역학 1,2,3,전공필수,절대평가,월-수,4_6-4_6,2북370,김선민
MEG2120-004,열역학 1,2,3,전공필수,절대평가,월-수,7_9-1_3,2북370,김주형
MEG2120-005,열역학 1,2,3,전공필수,상대평가,화-목,7_9-13_15,2북364,문석수
MEG2160-001,동역학 1,2,3,전공필수,상대평가,월-수,10_12-4_6,2북274,윤상희
MEG2160-002,동역학 1,2,3,전공필수,절대평가,화-목,4_6-4_6,2북364,윤상희
MEG2160-003,동역학 1,2,3,전공필수,상대평가,월-수,13_15-1_3,2북364,강재영
MEG2160-004,동역학 1,2,3,전공필수,상대평가,수,10_15,2북364,김창부
MEG3013-001,전산제도,3,3,전공선택,상대평가,월,1_8,2북374A,황병복
MEG3013-002,전산제도,3,3,전공선택,상대평가,월,9_16,2북374A,황병복
MEG3013-003,전산제도,3,3,전공선택,상대평가,화,7_14,2북374A,황병복
MEG3013-004,전산제도,3,3,전공선택,상대평가,수,1_8,2북378A,이선곤
MEG3013-005,전산제도,3,3,전공선택,상대평가,수,9_16,2북378A,이선곤
MEG3077-001,수치해석,3,3,전공선택,상대평가,월-수,13_15-10_12,2북274,윤상희
MEG3077-002,수치해석,3,3,전공선택,상대평가,화-목,13_15-13_15,2북274,강태준
MEG3077-003,수치해석,3,3,전공선택,절대평가,월-수,7_9-7_9,2북274 2북370,이상의
MEG3078-001,기계공학실험A,3,2,전공필수,상대평가,금,1_8,2북378B,강재영
MEG3078-002,기계공학실험A,3,2,전공필수,상대평가,금,9_16,2북378B,강재영
MEG3079-001,기계공학실험B,3,2,전공필수,상대평가,수,1_8,2북378B,문석수
MEG3079-002,기계공학실험B,3,2,전공필수,상대평가,수,9_16,2북378B,문석수
MEG3082-001,생산공정실험,3,1,전공필수,상대평가,화,9_12,2북378B,김재도
MEG3082-002,생산공정실험,3,1,전공필수,상대평가,목,1_4,2북378B,이은상
MEG3082-003,생산공정실험,3,1,전공필수,상대평가,목,9_12,2북378B,이은상
MEG3104-001,기계요소설계,3,3,전공선택,상대평가,월-목,4_6-1_3,2북365,이철희
MEG3104-002,기계요소설계,3,3,전공선택,상대평가,화-목,7_9-1_3,2북274,이선곤
MEG3104-003,기계요소설계,3,3,전공선택,상대평가,월-목,16_18-7_9,2북364,이선곤
MEG3104-004,기계요소설계,3,3,전공선택,상대평가,금,13_18,2북365,고현우
MEG3106-001,기계재료,3,3,전공선택,상대평가,화-목,10_12-10_12,2북367,권오양
MEG3110-001,기계공작법 1,3,3,전공선택,상대평가,월-수,13_15-13_15,2북370,김재도
MEG3110-002,기계공작법 1,3,3,전공선택,상대평가,월-수,16_18-16_18,2북370,김재도
MEG3110-003,기계공작법 1,3,3,전공선택,상대평가,월-화,10_12-10_12,2북364,이은상
MEG3110-004,기계공작법 1,3,3,전공선택,상대평가,월-화,7_9-13_15,2북364,이은상
MEG3110-005,기계공작법 1,3,3,전공선택,상대평가,수-금,4_6-4_6,2북365,신봉철
MEG3115-001,성형공정,3,3,전공선택,상대평가,화,1_6,2북374A,황병복
MEG3122-001,내연기관,3,3,전공선택,상대평가,화-목,4_6-7_9,2북365,이대엽
MEG3122-002,내연기관,3,3,전공선택,상대평가,월-화,13_15-13_15,2북367,문석수
MEG3151-001,유체역학 2,3,3,전공선택,상대평가,목,16_21,2북367,허재영
MEG3151-002,유체역학 2,3,3,전공선택,상대평가,금,16_21,2북367,허재영
MEG3162-001,동역학 2,3,3,전공선택,상대평가,화-목,4_6-4_6,2북370,이우식
MEG3162-002,동역학 2,3,3,전공선택,상대평가,화-목,10_12-10_12,2북370,이우식
MEG3165-001,자동제어,3,3,전공선택,상대평가,화,13_18,2북370,최승복
MEG3165-002,자동제어,3,3,전공선택,절대평가,월-수,4_6-1_3,2북367,김기우
MEG3165-003,자동제어,3,3,전공선택,절대평가,월-화,10_12-1_3,2북365,김기우
MEG3175-001,확률및통계,3,3,전공선택,상대평가,수,4_9,2북364,엄태원
MEG3175-002,확률및통계,3,3,전공선택,상대평가,목,7_12,60주년-711,엄태원
MEG3175-003,확률및통계,3,3,전공선택,상대평가,금,1_6,2북274,엄태원
MEG3185-001,기계공학일반설계 1,3,3,전공선택,절대평가,금,1_6,2북374A,정동수
MEG4080-002,기계공학종합설계,4,3,전공필수,Pass/Fail,목,19_24,2북370,이우식
MEG4080-003,기계공학종합설계,4,3,전공필수,Pass/Fail,월,19_24,2북365,조종두
MEG4080-004,기계공학종합설계,4,3,전공필수,Pass/Fail,화,16_21,2북374A,황병복
MEG4080-005,기계공학종합설계,4,3,전공필수,Pass/Fail,월,19_24,2북367,이상권
MEG4080-006,기계공학종합설계,4,3,전공필수,Pass/Fail,목,19_24,2북364,이은상
MEG4080-007,기계공학종합설계,4,3,전공필수,Pass/Fail,월,16_21,2북363A,김선민
MEG4080-008,기계공학종합설계,4,3,전공필수,Pass/Fail,월,19_24,2북370,김주형
MEG4103-001,구조역학,4,3,전공선택,상대평가,월-목,4_6-10_12,2북364,조종두
MEG4104-001,초소형기계시스템,4,3,전공선택,상대평가,화-목,7_9-10_12,2북365,강태준
MEG4112-001,CAD/CAM,4,3,전공선택,Pass/Fail,화,13_18,2북378A,이철희
MEG4112-002,CAD/CAM,4,3,전공선택,Pass/Fail,월,13_18,2북378A,신봉철
MEG4125-001,공조및냉동,4,3,전공선택,상대평가,화-목,1_3-13_15,2북367,정동수
MEG4129-001,발전플랜트 공학,4,3,전공선택,상대평가,월-수,13_15-13_15,2북365,김동섭
MEG4153-001,유압공학,4,3,전공선택,상대평가,화-목,1_3-10_12,2북274,이승배
