BTE1101-001,생명공학도를 위한 일반생물학,1,3,교양필수,상대평가,월-목,4_6-16_18,2동256,소재성
BTE1101-002,생명공학도를 위한 일반생물학,1,3,교양필수,상대평가,월-목,16_18-4_6,2동256,소재성
CHM1021-003,화학 1,1,3,교양필수,상대평가,수-금,10_12-7_9,5동505,오세영
CHM1028-004,화학실험 1,1,1,교양필수,상대평가,화,9_12,5동510,이건형
MTH1001-009,일반수학 1,1,3,교양필수,상대평가,화-목,1_3-10_12,5동105B,오승익
PHY1001-010,물리학 1,1,3,교양필수,상대평가,화-금,4_6-10_12,5동408 5동407,김민수
PHY1003-009,물리학실험 1,1,1,교양필수,상대평가,금,1_4,5동313,김현철
ACE2101-009,공업수학 1,2,3,교양필수,상대평가,월-수,13_15-4_6,2동256,권순조
ACE2101-010,공업수학 1,2,3,교양필수,상대평가,월-화,16_18-4_6,2동252 2동256,권순조
BTE1201-001,창의적생명공학설계,2,3,전공필수,상대평가,월-수,10_12-10_12,2동252,김은기
BTE2101-001,유기화학 1,2,3,전공필수,절대평가,월-화,4_6-10_12,5동211 2동256,전태준
BTE2102-001,물리화학,2,3,전공필수,절대평가,목-금,1_3-7_9,2동256 2동252,허병기
BTE2102-002,물리화학,2,3,전공필수,절대평가,목-금,7_9-1_3,2동252,허병기
BTE2103-001,기초미생물학,2,3,전공필수,상대평가,월-목,10_12-10_12,2동256,소재성
BTE2103-002,기초미생물학,2,3,전공필수,절대평가,화-금,7_9-4_6,2동256 2동252,안부
BTE3101-001,생물화학공학,3,3,전공필수,절대평가,월-화,10_12-4_6,2남229 2동252,구윤모
BTE3101-002,생물화학공학,3,3,전공필수,상대평가,화-수,1_3-7_9,2동252,신화성
BTE3103-001,생화학 2,3,3,전공선택,상대평가,월-목,1_3-4_6,2동252,김동일
BTE3106-001,나노바이오공학개론,3,3,전공선택,절대평가,월-화,13_15-7_9,60주년-509 2동252,전태준
BTE3109-001,세포배양공학,3,3,전공선택,절대평가,수-목,1_3-7_9,2동256,백종윤
BTE3110-001,생물공학실험 1,3,2,전공필수,절대평가,화,13_20,C-104,안부_권순조
BTE3110-002,생물공학실험 1,3,2,전공필수,절대평가,수,13_20,C-104,안부_권순조
BTE3110-003,생물공학실험 1,3,2,전공필수,절대평가,목,13_20,C-104,안부_권순조
BTE3111-001,분자생물학,3,3,전공필수,상대평가,월-수,4_6-10_12,2남229 2동256,김응수
BTE3111-002,분자생물학,3,3,전공필수,상대평가,월-수,13_15-4_6,2동252,김응수
BTE3206-001,효소공학,3,3,전공선택,절대평가,화-목,10_12-10_12,2동252,백종윤
ACE1301-012,정보사회와컴퓨터,4,3,교양필수,상대평가,금-금,10_11-12_15,2동252 5동116A,이윤정
BTE4101-001,생물정보학 및 실습,4,3,전공선택,상대평가,수-금,9_12-4_7,60주년-112 2동256,홍성주
BTE4103-001,세포생물학,4,3,전공선택,상대평가,월-목,4_6-1_3,2동252,김동일
BTE4107-001,생물공정공학,4,3,전공선택,절대평가,화-수,13_15-1_3,2동252,신화성
BTE4108-001,공정설계실험,4,2,전공선택,상대평가,화-금,9_12-19_22,5동116A 2동252,신화성
BTE4201-001,생명공학종합설계,4,3,전공필수,Pass/Fail,화,19_24,2동252,신화성
BTE4206-001,바이오산업현장개론,4,2,전공선택,Pass/Fail,수,13_16,2동256,김응수
CHE3201-001,화학반응공학,3,3,전공필수,상대평가,화-목,13_15-16_18,2동259,박동혁
CHE3201-002,화학반응공학,3,3,전공필수,절대평가,화-목,1_3-10_12,5동110,백성현
CHE3201-003,화학반응공학,3,3,전공필수,상대평가,화-목,13_15-16_18,60주년-201 5동110,백성현
CHE3203-001,열전달,3,3,전공선택,상대평가,월-화,4_6-10_12,2동259,박동화
CHE3203-002,열전달,3,3,전공선택,상대평가,월-화,10_12-4_6,2동259 2남229,박동화
CHE3203-003,열전달,3,3,전공선택,상대평가,월-화,16_18-4_6,60주년-707,신내철
CHE3206-001,화공전산,3,3,전공선택,상대평가,화,10_15,2북465,노경호
CHE3300-001,공업화학실험,3,2,전공필수,상대평가,수,1_8,1-029,안화승
CHE3300-002,공업화학실험,3,2,전공필수,상대평가,수,13_20,1-029,노경호
CHE3300-003,공업화학실험,3,2,전공필수,상대평가,금,1_8,1-029,백성현
CHE3300-004,공업화학실험,3,2,전공필수,상대평가,목,1_8,1-029,심상은
CHE3300-005,공업화학실험,3,2,전공필수,상대평가,목,13_20,1-029,이근형
CHE3300-006,공업화학실험,3,2,전공필수,상대평가,금,9_16,1-029,황예진
ORG1012-002,유기응용재료공학실험 1,3,2,전공필수,상대평가,금,1_8,2북578A,이한섭
ORG1012-003,유기응용재료공학실험 1,3,2,전공필수,상대평가,금,1_8,2북579C,양승재
ORG1031-001,고분자기초구조,3,3,전공선택,상대평가,월-화,13_15-4_6,60주년-709,이한섭
ORG3033-001,유기재료구조분석,3,3,전공선택,상대평가,수-목,4_6-4_6,60주년-611 60주년-708,김승현
ORG3034-001,유기재료분광분석,3,3,전공선택,상대평가,월-화,4_6-13_15,2북663,이한섭
ORG3102-001,유기나노재료,3,3,전공선택,상대평가,화-수,10_12-10_12,60주년-707 60주년-709,김승현
ORG3401-001,염료화학,3,3,전공선택,상대평가,화-수,7_9-16_18,60주년-708,양회창
CHE4100-001,화학공학 종합설계,4,3,전공필수,Pass/Fail,월,19_24,60주년-707,이근형
CHE4203-001,이동현상,4,3,전공선택,절대평가,월-화,4_6-1_3,60주년-709,심봉섭
CHE4204-001,촉매공학,4,3,전공선택,절대평가,화-목,4_6-4_6,2동259,안화승
CHE4206-001,공정해석 및 설계,4,3,전공선택,상대평가,화-화,19_22-23_26,60주년-707 60주년-808,김경수
CHE4209-001,분리공정,4,3,전공선택,상대평가,화-수,13_15-4_6,60주년-707,신내철
CHE4301-001,전기화학공학,4,3,전공선택,상대평가,화-수,16_18-10_12,5동110,최진섭
CHE4303-001,반도체공정공학,4,3,전공선택,상대평가,월-목,13_15-7_9,5동110,정지원
CHE4308-001,고분자화학,4,3,전공선택,상대평가,월-화,16_18-10_12,60주년-106 5동111,육지호
CHE4308-002,고분자화학,4,3,전공선택,절대평가,월-수,10_12-16_18,60주년-707,심상은
ORG4037-001,유기반도체 물리,4,3,전공선택,상대평가,화-수,4_6-7_9,60주년-712 60주년-708,박동혁
ORG4110-001,카본소재,4,3,전공선택,상대평가,월-수,1_3-10_12,60주년-708 60주년-509,양승재
ORG4306-001,에너지소재,4,3,전공선택,상대평가,수-목,13_15-10_12,60주년-609 60주년-709,박동혁
ORG4403-001,산업용유기신소재,4,3,전공선택,상대평가,월-화,10_12-1_3,2북663,전한용
MEG3110-001,기계공작법 1,3,3,전공선택,상대평가,월-수,13_15-13_15,2북370,김재도
MEG3110-002,기계공작법 1,3,3,전공선택,상대평가,월-수,16_18-16_18,2북370,김재도
MEG3110-003,기계공작법 1,3,3,전공선택,상대평가,월-화,10_12-10_12,2북364,이은상
MEG3110-004,기계공작법 1,3,3,전공선택,상대평가,월-화,7_9-13_15,2북364,이은상
MEG3110-005,기계공작법 1,3,3,전공선택,상대평가,수-금,4_6-4_6,2북365,신봉철
MEG3115-001,성형공정,3,3,전공선택,상대평가,화,1_6,2북374A,황병복
MEG3122-001,내연기관,3,3,전공선택,상대평가,화-목,4_6-7_9,2북365,이대엽
MEG3122-002,내연기관,3,3,전공선택,상대평가,월-화,13_15-13_15,2북367,문석수
MEG3151-001,유체역학 2,3,3,전공선택,상대평가,목,16_21,2북367,허재영
MEG3151-002,유체역학 2,3,3,전공선택,상대평가,금,16_21,2북367,허재영
MEG3162-001,동역학 2,3,3,전공선택,상대평가,화-목,4_6-4_6,2북370,이우식
MEG3162-002,동역학 2,3,3,전공선택,상대평가,화-목,10_12-10_12,2북370,이우식
MEG3165-001,자동제어,3,3,전공선택,상대평가,화,13_18,2북370,최승복
MEG3165-002,자동제어,3,3,전공선택,절대평가,월-수,4_6-1_3,2북367,김기우
MEG3165-003,자동제어,3,3,전공선택,절대평가,월-화,10_12-1_3,2북365,김기우
MEG3175-001,확률및통계,3,3,전공선택,상대평가,수,4_9,2북364,엄태원
MEG3175-002,확률및통계,3,3,전공선택,상대평가,목,7_12,60주년-711,엄태원
MEG3175-003,확률및통계,3,3,전공선택,상대평가,금,1_6,2북274,엄태원
MEG3185-001,기계공학일반설계 1,3,3,전공선택,절대평가,금,1_6,2북374A,정동수
MEG4080-002,기계공학종합설계,4,3,전공필수,Pass/Fail,목,19_24,2북370,이우식
MEG4080-003,기계공학종합설계,4,3,전공필수,Pass/Fail,월,19_24,2북365,조종두
MEG4080-004,기계공학종합설계,4,3,전공필수,Pass/Fail,화,16_21,2북374A,황병복
MEG4080-005,기계공학종합설계,4,3,전공필수,Pass/Fail,월,19_24,2북367,이상권
MEG4080-006,기계공학종합설계,4,3,전공필수,Pass/Fail,목,19_24,2북364,이은상
MEG4080-007,기계공학종합설계,4,3,전공필수,Pass/Fail,월,16_21,2북363A,김선민
MEG4080-008,기계공학종합설계,4,3,전공필수,Pass/Fail,월,19_24,2북370,김주형
MEG4103-001,구조역학,4,3,전공선택,상대평가,월-목,4_6-10_12,2북364,조종두
MEG4104-001,초소형기계시스템,4,3,전공선택,상대평가,화-목,7_9-10_12,2북365,강태준
MEG4112-001,CAD/CAM,4,3,전공선택,Pass/Fail,화,13_18,2북378A,이철희
MEG4112-002,CAD/CAM,4,3,전공선택,Pass/Fail,월,13_18,2북378A,신봉철
MEG4125-001,공조및냉동,4,3,전공선택,상대평가,화-목,1_3-13_15,2북367,정동수
MEG4129-001,발전플랜트 공학,4,3,전공선택,상대평가,월-수,13_15-13_15,2북365,김동섭
MEG4153-001,유압공학,4,3,전공선택,상대평가,화-목,1_3-10_12,2북274,이승배
