ACE1302-001,컴퓨터프로그래밍,1,3,교양필수,상대평가,화-목,13_16-13_16,2남228,연정흠
CHM1023-005,일반화학,1,3,교양필수,상대평가,화-금,7_9-4_6,5동508,김창곤
CHM1023-006,일반화학,1,3,교양필수,상대평가,월-수,1_3-4_6,5동508,곽일환
CHM1027-007,일반화학실험,1,1,교양필수,상대평가,월,13_16,5동511,김명웅
CHM1027-008,일반화학실험,1,1,교양필수,상대평가,목,1_4,5동511,김정호
CIV1611-001,건설재료실험,1,3,전공필수,상대평가,월-수,9_12-19_22,2남227,정진훈
CIV1611-002,건설재료실험,1,3,전공필수,상대평가,월-화,19_22-9_12,2남227,정진훈
CIV1611-003,건설재료실험,1,3,전공필수,상대평가,화-수,19_22-9_12,2남227,정진훈
CIV1910-001,창의적공학설계,1,3,전공필수,상대평가,월-수,13_15-13_15,2남227,신도형
MTH1001-014,일반수학 1,1,3,교양필수,상대평가,화-목,4_6-7_9,5동105A,김태길
MTH1001-015,일반수학 1,1,3,교양필수,상대평가,화-금,13_15-13_15,5동107A,장영호
PHY1001-014,물리학 1,1,3,교양필수,상대평가,화-금,10_12-1_3,5동407,송현석
PHY1001-015,물리학 1,1,3,교양필수,상대평가,화-금,1_3-10_12,5동408,송현석
PHY1003-013,물리학실험 1,1,1,교양필수,상대평가,수,13_16,5동315,이덕선
PHY1003-014,물리학실험 1,1,1,교양필수,상대평가,화,9_12,5동315,최민석
ACE1305-001,BIM/CAD 및 실습,2,3,교양필수,상대평가,금-금,1_2-3_6,2남227 ,박국동
ACE1305-002,BIM/CAD 및 실습,2,3,교양필수,상대평가,금-금,10_11-12_15,2남227 ,박국동
ACE2101-015,공업수학 1,2,3,교양필수,상대평가,월-화,1_3-1_3,2남228 2남227,박국동
ACE2101-016,공업수학 1,2,3,교양필수,상대평가,수-목,1_3-1_3,2남228 2남227,박국동
CIV2010-001,공학수치해석,2,3,전공선택,상대평가,화-목,4_6-4_6,2남227,연정흠
CIV2101-001,역학의 기초,2,3,전공필수,상대평가,월-수,4_6-4_6,2남228,박국동
CIV2101-002,역학의 기초,2,3,전공필수,상대평가,화-목,4_6-4_6,2남225,박국동
CIV2311-001,기초수리학,2,3,전공필수,상대평가,수-목,16_18-7_9,2남225,김정욱
CIV2311-002,기초수리학,2,3,전공필수,상대평가,수-목,16_18-7_9,2남227,주홍준
CIV2411-001,환경공학 및 실험,2,3,전공필수,절대평가,월-화,13_16-19_22,2남225 2남228,김동훈
CIV2411-002,환경공학 및 실험,2,3,전공필수,절대평가,월-수,19_22-7_10,2남228 2남225,김동훈
CIV2411-003,환경공학 및 실험,2,3,전공필수,상대평가,수-목,19_22-10_13,2남228 2남227,김동훈
CIV2511-001,측량학 및 실습,2,3,전공필수,상대평가,금,1_8,2남228,박준구
CIV2511-002,측량학 및 실습,2,3,전공필수,상대평가,금,9_16,2남228,박준구
CIV3211-001,토질역학 및 실험,2,3,전공필수,절대평가,월-화,9_12-19_22,2남225,윤여원
CIV3721-001,글로벌건설,2,3,전공필수,상대평가,월-화,7_9-13_15,2남228,우성권
CIV3721-002,글로벌건설,2,3,전공필수,상대평가,화-수,10_12-13_15,2남228 2남225,우성권
ACE2104-001,통계학,3,3,교양필수,상대평가,금,1_6,2남225,정재원
CIV3100-001,구조해석,3,3,전공선택,상대평가,화-수,1_3-7_9,2남228,이종한
CIV3100-002,구조해석,3,3,전공선택,상대평가,화-수,13_15-1_3,2남225,이종한
CIV3150-001,철근콘크리트설계,3,3,전공선택,상대평가,월-수,4_6-4_6,2남227,연정흠
CIV3220-001,지반공학 및 실험,3,3,전공선택,절대평가,화-목,9_12-19_22,2남225 2남228,윤여원
CIV3330-001,수문학,3,3,전공선택,절대평가,월-수,10_12-13_15,2남228,김형수
CIV3330-002,수문학,3,3,전공선택,절대평가,월-수,13_15-10_12,2남228,김형수
CIV3710-001,프로젝트견적,3,3,전공선택,상대평가,수-목,16_18-13_15,2남228 2남225,신도형
CIV4100-001,강구조설계,4,3,전공선택,상대평가,화-목,4_6-4_6,2남228,황원섭
CIV4210-001,플랜트 기초공학,4,3,전공선택,절대평가,월-목,4_6-10_12,2남225,윤여원
CIV4230-001,지반시스템설계,4,3,전공선택,상대평가,금,10_15,2남225,안준상
CIV4370-001,수자원 및 재난관리,4,3,전공선택,상대평가,화-수,7_9-4_6,2남228 2남225,김수전
CIV4990-001,건설종합설계,4,3,전공필수,상대평가,목,16_21,2남225,신도형_이종한
CIV4990-002,건설종합설계,4,3,전공필수,상대평가,목,16_21,2남227,신도형_김수전
MSE3001-002,재료공학실험 1,3,2,전공필수,상대평가,금,1_8,5서260,고태경
MSE3001-003,재료공학실험 1,3,2,전공필수,상대평가,금,1_8,5서452,조남희
MSE3001-004,재료공학실험 1,3,2,전공필수,상대평가,금,1_8,5서351,조원승
MSE3001-005,재료공학실험 1,3,2,전공필수,상대평가,금,1_8,5서353,황해진
MSE3001-006,재료공학실험 1,3,2,전공필수,상대평가,금,9_16,5서252,김상섭
MSE3001-007,재료공학실험 1,3,2,전공필수,상대평가,금,9_16,5서260,정대용
MSE3001-008,재료공학실험 1,3,2,전공필수,상대평가,금,9_16,5서452,이기안
MSE3003-001,재료열역학,3,3,전공필수,절대평가,월-수,4_6-7_9,5서452,이정환
MSE3003-002,재료열역학,3,3,전공필수,상대평가,화,13_18,5서255,황운석
MSE3009-001,전자재료물성,3,3,전공선택,절대평가,수-목,1_3-4_6,5서260,함명관
MSE3009-002,전자재료물성,3,3,전공선택,상대평가,수-목,10_12-16_18,5서260,함명관
MSE3011-001,재료강도학,3,3,전공선택,상대평가,월-화,10_12-1_3,5서260 5서255,이기안
MSE3017-001,제선공학,3,3,전공선택,상대평가,목,10_15,5서252,유병돈
MSE3022-001,열관리공학,3,3,전공선택,상대평가,화,13_18,5서252,김명호
MSE3025-001,반도체소자,3,3,전공선택,상대평가,월-화,4_6-4_6,5서260,최리노
MSE3025-002,반도체소자,3,3,전공선택,절대평가,월-화,16_18-10_12,5서260,최리노
MSE3025-003,반도체소자,3,3,전공선택,상대평가,수-목,16_18-10_12,5서260,함명관
MSE3013-001,철강재료,4,3,전공선택,상대평가,화-수,13_15-13_15,5서260,김윤준
MSE4001-001,신소재공학종합설계,4,4,전공필수,Pass/Fail,금-토,1_6-1_6,5북247 5서252,김형순_박현순
MSE4001-002,신소재공학종합설계,4,4,전공필수,Pass/Fail,금-토,7_12-1_6,5북247 5서260,최리노_함명관
MSE4001-003,신소재공학종합설계,4,4,전공필수,Pass/Fail,금-토,13_18-1_6,5서255,김윤준_이정환
MSE4004-001,전자세라믹스,4,3,전공선택,상대평가,월-수,4_6-10_12,5서252,정대용
MSE4012-001,고체반응론,4,3,전공선택,절대평가,화-목,4_6-4_6,5서255,조남희
MSE4013-001,전자패키지재료,4,3,전공선택,절대평가,월-화,13_15-7_9,5서260,김형순
MEG3110-005,기계공작법 1,3,3,전공선택,상대평가,수-금,4_6-4_6,2북365,신봉철
MEG3115-001,성형공정,3,3,전공선택,상대평가,화,1_6,2북374A,황병복
MEG3122-001,내연기관,3,3,전공선택,상대평가,화-목,4_6-7_9,2북365,이대엽
MEG3122-002,내연기관,3,3,전공선택,상대평가,월-화,13_15-13_15,2북367,문석수
MEG3151-001,유체역학 2,3,3,전공선택,상대평가,목,16_21,2북367,허재영
MEG3151-002,유체역학 2,3,3,전공선택,상대평가,금,16_21,2북367,허재영
MEG3162-001,동역학 2,3,3,전공선택,상대평가,화-목,4_6-4_6,2북370,이우식
MEG3162-002,동역학 2,3,3,전공선택,상대평가,화-목,10_12-10_12,2북370,이우식
MEG3165-001,자동제어,3,3,전공선택,상대평가,화,13_18,2북370,최승복
MEG3165-002,자동제어,3,3,전공선택,절대평가,월-수,4_6-1_3,2북367,김기우
MEG3165-003,자동제어,3,3,전공선택,절대평가,월-화,10_12-1_3,2북365,김기우
MEG3175-001,확률및통계,3,3,전공선택,상대평가,수,4_9,2북364,엄태원
MEG3175-002,확률및통계,3,3,전공선택,상대평가,목,7_12,60주년-711,엄태원
MEG3175-003,확률및통계,3,3,전공선택,상대평가,금,1_6,2북274,엄태원
MEG3185-001,기계공학일반설계 1,3,3,전공선택,절대평가,금,1_6,2북374A,정동수
MEG4080-002,기계공학종합설계,4,3,전공필수,Pass/Fail,목,19_24,2북370,이우식
MEG4080-003,기계공학종합설계,4,3,전공필수,Pass/Fail,월,19_24,2북365,조종두
MEG4080-004,기계공학종합설계,4,3,전공필수,Pass/Fail,화,16_21,2북374A,황병복
MEG4080-005,기계공학종합설계,4,3,전공필수,Pass/Fail,월,19_24,2북367,이상권
MEG4080-006,기계공학종합설계,4,3,전공필수,Pass/Fail,목,19_24,2북364,이은상
MEG4080-007,기계공학종합설계,4,3,전공필수,Pass/Fail,월,16_21,2북363A,김선민
MEG4080-008,기계공학종합설계,4,3,전공필수,Pass/Fail,월,19_24,2북370,김주형
MEG4103-001,구조역학,4,3,전공선택,상대평가,월-목,4_6-10_12,2북364,조종두
MEG4104-001,초소형기계시스템,4,3,전공선택,상대평가,화-목,7_9-10_12,2북365,강태준
MEG4112-001,CAD/CAM,4,3,전공선택,Pass/Fail,화,13_18,2북378A,이철희
MEG4112-002,CAD/CAM,4,3,전공선택,Pass/Fail,월,13_18,2북378A,신봉철
MEG4125-001,공조및냉동,4,3,전공선택,상대평가,화-목,1_3-13_15,2북367,정동수
MEG4129-001,발전플랜트 공학,4,3,전공선택,상대평가,월-수,13_15-13_15,2북365,김동섭
MEG4153-001,유압공학,4,3,전공선택,상대평가,화-목,1_3-10_12,2북274,이승배
