ACE2101-025,공업수학 1,전체,3,교양필수,상대평가,화-금,7_9-4_6,2북464,이창호
ACE2101-026,공업수학 1,전체,3,교양필수,상대평가,화-금,10_12-1_3,2북464,이창호
CHM1023-012,일반화학,전체,3,교양필수,상대평가,월-수,13_15-13_15,5동508,박형연
CHM1027-011,일반화학실험,전체,1,교양필수,상대평가,목,13_16,5동511,박수진
CHM1027-012,일반화학실험,전체,1,교양필수,상대평가,화,13_16,5동511,조형진
IEN4206-002,특허정보론,전체,3,전공선택,상대평가,목,16_21,2북464,이우기
MTH1001-039,일반수학 1,전체,3,교양필수,상대평가,월-수,1_3-4_6,5동105B,이춘란
PHY1001-035,물리학 1,전체,3,교양필수,상대평가,수-금,7_9-4_6,5동408,우정석
PHY1003-035,물리학실험 1,전체,1,교양필수,상대평가,목,1_4,5동313,이석목
ACE1301-009,정보사회와컴퓨터,1,3,교양필수,상대평가,화-목,4_6-7_9,2북464 2북474,이석환
ACE1301-010,정보사회와컴퓨터,1,3,교양필수,상대평가,월-화,7_9-10_12,2북671 2북474,이석환
IEN2004-001,경영공학,2,3,전공필수,상대평가,월-화,1_3-13_15,2북671,박동현
IEN2004-002,경영공학,2,3,전공필수,상대평가,월-화,16_18-1_3,2북671,박동현
IEN2007-001,공업회계,2,3,전공선택,상대평가,수,4_9,2북671,최수영
IEN2008-001,데이터베이스,2,3,전공선택,상대평가,수-목,10_12-13_15,2북474,강성우
IEN2008-002,데이터베이스,2,3,전공선택,상대평가,수-목,13_15-16_18,2북474,강성우
IEN2009-001,인터넷프로그래밍,2,3,전공선택,상대평가,월-화,13_15-16_18,2북474,이석환
IEN2014-001,확률 및 통계,2,3,전공필수,상대평가,월-목,4_6-4_6,2북464,김봉선
IEN2014-002,확률 및 통계,2,3,전공필수,상대평가,월-목,10_12-10_12,2북464,김봉선
IEN3014-001,기계공작법,3,3,전공선택,상대평가,월-목,10_12-4_6,2북671,이홍희
IEN3014-002,기계공작법,3,3,전공선택,상대평가,화-목,4_6-10_12,2북671,이홍희
IEN3015-001,통계적공정관리,3,3,전공선택,상대평가,금,1_6,2북671,이희남
IEN3017-001,산업공학실험 1,3,2,전공필수,상대평가,수,1_8,2북474,박동현
IEN3017-002,산업공학실험 1,3,2,전공필수,상대평가,금,7_14,2북474,강성우
IEN3017-003,산업공학실험 1,3,2,전공필수,상대평가,월,1_8,2북474,강성우
IEN3202-001,산업정보화,3,3,전공선택,상대평가,화-화,13_15-16_18,2북474 2북464,송종수
IEN3202-002,산업정보화,3,3,전공선택,상대평가,수-수,13_15-16_18,2북671 2북474,송종수
IEN3301-001,인간공학,3,3,전공선택,상대평가,월-화,13_15-7_9,2북671,박동현
IEN4103-001,생산경제학,4,3,전공선택,상대평가,월-수,16_18-16_18,2북464,오동현
IEN4104-001,생산통제,4,3,전공선택,상대평가,화-목,1_3-1_3,2북464 2북671,이석환
IEN4108-001,품질경영(NCS과정),4,3,전공선택,상대평가,화-수,13_15-4_6,2북464,강성우
IEN4303-001,공장자동화,4,3,전공선택,상대평가,월-화,4_6-10_12,2북671,이홍희
MEG2101-004,재료역학 1,2,3,전공필수,상대평가,금,7_12,2북364,김재민
MEG2101-005,재료역학 1,2,3,전공필수,상대평가,금,13_18,2북364,김재민
MEG2120-001,열역학 1,2,3,전공필수,상대평가,월-수,4_6-7_9,2북274,김동섭
MEG2120-002,열역학 1,2,3,전공필수,상대평가,화-목,13_15-13_15,2북365,이대엽
MEG2120-003,열역학 1,2,3,전공필수,절대평가,월-수,4_6-4_6,2북370,김선민
MEG2120-004,열역학 1,2,3,전공필수,절대평가,월-수,7_9-1_3,2북370,김주형
MEG2120-005,열역학 1,2,3,전공필수,상대평가,화-목,7_9-13_15,2북364,문석수
MEG2160-001,동역학 1,2,3,전공필수,상대평가,월-수,10_12-4_6,2북274,윤상희
MEG2160-002,동역학 1,2,3,전공필수,절대평가,화-목,4_6-4_6,2북364,윤상희
MEG2160-003,동역학 1,2,3,전공필수,상대평가,월-수,13_15-1_3,2북364,강재영
MEG2160-004,동역학 1,2,3,전공필수,상대평가,수,10_15,2북364,김창부
MEG3013-001,전산제도,3,3,전공선택,상대평가,월,1_8,2북374A,황병복
MEG3013-002,전산제도,3,3,전공선택,상대평가,월,9_16,2북374A,황병복
MEG3013-003,전산제도,3,3,전공선택,상대평가,화,7_14,2북374A,황병복
MEG3013-004,전산제도,3,3,전공선택,상대평가,수,1_8,2북378A,이선곤
MEG3013-005,전산제도,3,3,전공선택,상대평가,수,9_16,2북378A,이선곤
MEG3077-001,수치해석,3,3,전공선택,상대평가,월-수,13_15-10_12,2북274,윤상희
MEG3077-002,수치해석,3,3,전공선택,상대평가,화-목,13_15-13_15,2북274,강태준
MEG3077-003,수치해석,3,3,전공선택,절대평가,월-수,7_9-7_9,2북274 2북370,이상의
MEG3078-001,기계공학실험A,3,2,전공필수,상대평가,금,1_8,2북378B,강재영
MEG3078-002,기계공학실험A,3,2,전공필수,상대평가,금,9_16,2북378B,강재영
MEG3079-001,기계공학실험B,3,2,전공필수,상대평가,수,1_8,2북378B,문석수
MEG3079-002,기계공학실험B,3,2,전공필수,상대평가,수,9_16,2북378B,문석수
MEG3082-001,생산공정실험,3,1,전공필수,상대평가,화,9_12,2북378B,김재도
MEG3082-002,생산공정실험,3,1,전공필수,상대평가,목,1_4,2북378B,이은상
MEG3082-003,생산공정실험,3,1,전공필수,상대평가,목,9_12,2북378B,이은상
MEG3104-001,기계요소설계,3,3,전공선택,상대평가,월-목,4_6-1_3,2북365,이철희
MEG3104-002,기계요소설계,3,3,전공선택,상대평가,화-목,7_9-1_3,2북274,이선곤
MEG3104-003,기계요소설계,3,3,전공선택,상대평가,월-목,16_18-7_9,2북364,이선곤
MEG3104-004,기계요소설계,3,3,전공선택,상대평가,금,13_18,2북365,고현우
MEG3106-001,기계재료,3,3,전공선택,상대평가,화-목,10_12-10_12,2북367,권오양
MEG3110-001,기계공작법 1,3,3,전공선택,상대평가,월-수,13_15-13_15,2북370,김재도
MEG3110-002,기계공작법 1,3,3,전공선택,상대평가,월-수,16_18-16_18,2북370,김재도
MEG3110-003,기계공작법 1,3,3,전공선택,상대평가,월-화,10_12-10_12,2북364,이은상
MEG3110-004,기계공작법 1,3,3,전공선택,상대평가,월-화,7_9-13_15,2북364,이은상
MEG3110-005,기계공작법 1,3,3,전공선택,상대평가,수-금,4_6-4_6,2북365,신봉철
MEG3115-001,성형공정,3,3,전공선택,상대평가,화,1_6,2북374A,황병복
MEG3122-001,내연기관,3,3,전공선택,상대평가,화-목,4_6-7_9,2북365,이대엽
MEG3122-002,내연기관,3,3,전공선택,상대평가,월-화,13_15-13_15,2북367,문석수
MEG3151-001,유체역학 2,3,3,전공선택,상대평가,목,16_21,2북367,허재영
MEG3151-002,유체역학 2,3,3,전공선택,상대평가,금,16_21,2북367,허재영
MEG3162-001,동역학 2,3,3,전공선택,상대평가,화-목,4_6-4_6,2북370,이우식
MEG3162-002,동역학 2,3,3,전공선택,상대평가,화-목,10_12-10_12,2북370,이우식
MEG3165-001,자동제어,3,3,전공선택,상대평가,화,13_18,2북370,최승복
MEG3165-002,자동제어,3,3,전공선택,절대평가,월-수,4_6-1_3,2북367,김기우
MEG3165-003,자동제어,3,3,전공선택,절대평가,월-화,10_12-1_3,2북365,김기우
MEG3175-001,확률및통계,3,3,전공선택,상대평가,수,4_9,2북364,엄태원
MEG3175-002,확률및통계,3,3,전공선택,상대평가,목,7_12,60주년-711,엄태원
MEG3175-003,확률및통계,3,3,전공선택,상대평가,금,1_6,2북274,엄태원
MEG3185-001,기계공학일반설계 1,3,3,전공선택,절대평가,금,1_6,2북374A,정동수
MEG4080-002,기계공학종합설계,4,3,전공필수,Pass/Fail,목,19_24,2북370,이우식
MEG4080-003,기계공학종합설계,4,3,전공필수,Pass/Fail,월,19_24,2북365,조종두
MEG4080-004,기계공학종합설계,4,3,전공필수,Pass/Fail,화,16_21,2북374A,황병복
MEG4080-005,기계공학종합설계,4,3,전공필수,Pass/Fail,월,19_24,2북367,이상권
MEG4080-006,기계공학종합설계,4,3,전공필수,Pass/Fail,목,19_24,2북364,이은상
MEG4080-007,기계공학종합설계,4,3,전공필수,Pass/Fail,월,16_21,2북363A,김선민
MEG4080-008,기계공학종합설계,4,3,전공필수,Pass/Fail,월,19_24,2북370,김주형
MEG4103-001,구조역학,4,3,전공선택,상대평가,월-목,4_6-10_12,2북364,조종두
MEG4104-001,초소형기계시스템,4,3,전공선택,상대평가,화-목,7_9-10_12,2북365,강태준
MEG4112-001,CAD/CAM,4,3,전공선택,Pass/Fail,화,13_18,2북378A,이철희
MEG4112-002,CAD/CAM,4,3,전공선택,Pass/Fail,월,13_18,2북378A,신봉철
MEG4125-001,공조및냉동,4,3,전공선택,상대평가,화-목,1_3-13_15,2북367,정동수
MEG4129-001,발전플랜트 공학,4,3,전공선택,상대평가,월-수,13_15-13_15,2북365,김동섭
MEG4153-001,유압공학,4,3,전공선택,상대평가,화-목,1_3-10_12,2북274,이승배
