ACE1301-011,정보사회와컴퓨터,전체,3,교양필수,상대평가,수-수,10_11-12_15,60주년-611 60주년-808,장인주
CHE3301-001,무기공업화학,전체,3,전공선택,상대평가,월-수,1_3-4_6,2동259,김건중
ORG4011-001,유기응용재료종합설계,전체,3,전공필수,절대평가,월,19_24,60주년-708,양회창
CHM1021-001,화학 1,1,3,교양필수,상대평가,화-목,1_3-10_12,5동508,조형진
CHM1021-002,화학 1,1,3,교양필수,상대평가,수-금,10_12-7_9,5동507,양회창
CHM1028-001,화학실험 1,1,1,교양필수,상대평가,화,5_8,5동511,김찬경
CHM1028-002,화학실험 1,1,1,교양필수,상대평가,수,13_16,5동511,이익모
CHM1028-003,화학실험 1,1,1,교양필수,상대평가,목,5_8,5동511,조동규
MTH1001-006,일반수학 1,1,3,교양필수,상대평가,수-금,10_12-7_9,5동106B,오명선
MTH1001-007,일반수학 1,1,3,교양필수,상대평가,수-금,7_9-10_12,5동106B,박성화
MTH1001-008,일반수학 1,1,3,교양필수,상대평가,월-수,13_15-13_15,5동105B,고관석
PHY1001-007,물리학 1,1,3,교양필수,상대평가,월-수,13_15-13_15,5동406,김현철
PHY1001-008,물리학 1,1,3,교양필수,절대평가,화-금,10_12-1_3,5동408,울룩백약시
PHY1001-009,물리학 1,1,3,교양필수,상대평가,월-수,1_3-4_6,5동408,노재우
PHY1003-006,물리학실험 1,1,1,교양필수,상대평가,수,1_4,5동313,김기식
PHY1003-007,물리학실험 1,1,1,교양필수,상대평가,수,5_8,5동315,김기식
PHY1003-008,물리학실험 1,1,1,교양필수,상대평가,목,9_12,5동315,이병찬
ACE2101-008,공업수학 1,2,3,교양필수,상대평가,화-목,7_9-1_3,5동107B,김미영
CHE2100-001,물리화학 1,2,3,전공필수,상대평가,월-화,16_18-4_6,60주년-708,심상은
CHE2100-002,물리화학 1,2,3,전공필수,상대평가,화-수,13_15-10_12,60주년-106 2동259,심상은
CHE2100-003,물리화학 1,2,3,전공필수,상대평가,월-화,16_18-4_6,5동110,김승현
CHE2100-004,물리화학 1,2,3,전공필수,상대평가,화-수,13_15-10_12,2동256 2북663,이근형
CHE2102-001,유기화학 1,2,3,전공필수,상대평가,월-수,10_12-4_6,60주년-106 5동111,육지호
CHE2102-002,유기화학 1,2,3,전공필수,상대평가,월-수,4_6-13_15,60주년-106,육지호
CHE2102-003,유기화학 1,2,3,전공필수,상대평가,월-수,10_12-4_6,5동110,황예진
CHE2102-004,유기화학 1,2,3,전공필수,상대평가,월-수,4_6-13_15,5동110,황예진
CHE2104-001,화공계산 1,2,3,전공필수,상대평가,화-목,7_9-4_6,5동110,백성현
CHE2104-002,화공계산 1,2,3,전공필수,상대평가,월-수,10_12-4_6,60주년-708,최진섭
CHE2104-003,화공계산 1,2,3,전공필수,상대평가,월-수,16_18-16_18,2동259,최진섭
CHE2104-004,화공계산 1,2,3,전공필수,상대평가,화-목,7_9-4_6,60주년-709,박동혁
CHE2107-001,재료과학 1,2,3,전공선택,상대평가,월-목,4_6-1_3,60주년-707,정지원
CHE2107-002,재료과학 1,2,3,전공선택,절대평가,월-수,13_15-13_15,2동259,신내철
CHE2107-003,재료과학 1,2,3,전공선택,상대평가,월-수,13_15-1_3,60주년-708,양승재
CHE3201-001,화학반응공학,3,3,전공필수,상대평가,화-목,13_15-16_18,2동259,박동혁
CHE3201-002,화학반응공학,3,3,전공필수,절대평가,화-목,1_3-10_12,5동110,백성현
CHE3201-003,화학반응공학,3,3,전공필수,상대평가,화-목,13_15-16_18,60주년-201 5동110,백성현
CHE3203-001,열전달,3,3,전공선택,상대평가,월-화,4_6-10_12,2동259,박동화
CHE3203-002,열전달,3,3,전공선택,상대평가,월-화,10_12-4_6,2동259 2남229,박동화
CHE3203-003,열전달,3,3,전공선택,상대평가,월-화,16_18-4_6,60주년-707,신내철
CHE3206-001,화공전산,3,3,전공선택,상대평가,화,10_15,2북465,노경호
CHE3300-001,공업화학실험,3,2,전공필수,상대평가,수,1_8,1-029,안화승
CHE3300-002,공업화학실험,3,2,전공필수,상대평가,수,13_20,1-029,노경호
CHE3300-003,공업화학실험,3,2,전공필수,상대평가,금,1_8,1-029,백성현
CHE3300-004,공업화학실험,3,2,전공필수,상대평가,목,1_8,1-029,심상은
CHE3300-005,공업화학실험,3,2,전공필수,상대평가,목,13_20,1-029,이근형
CHE3300-006,공업화학실험,3,2,전공필수,상대평가,금,9_16,1-029,황예진
ORG1012-002,유기응용재료공학실험 1,3,2,전공필수,상대평가,금,1_8,2북578A,이한섭
ORG1012-003,유기응용재료공학실험 1,3,2,전공필수,상대평가,금,1_8,2북579C,양승재
ORG1031-001,고분자기초구조,3,3,전공선택,상대평가,월-화,13_15-4_6,60주년-709,이한섭
ORG3033-001,유기재료구조분석,3,3,전공선택,상대평가,수-목,4_6-4_6,60주년-611 60주년-708,김승현
ORG3034-001,유기재료분광분석,3,3,전공선택,상대평가,월-화,4_6-13_15,2북663,이한섭
ORG3102-001,유기나노재료,3,3,전공선택,상대평가,화-수,10_12-10_12,60주년-707 60주년-709,김승현
ORG3401-001,염료화학,3,3,전공선택,상대평가,화-수,7_9-16_18,60주년-708,양회창
CHE4100-001,화학공학 종합설계,4,3,전공필수,Pass/Fail,월,19_24,60주년-707,이근형
CHE4203-001,이동현상,4,3,전공선택,절대평가,월-화,4_6-1_3,60주년-709,심봉섭
CHE4204-001,촉매공학,4,3,전공선택,절대평가,화-목,4_6-4_6,2동259,안화승
CHE4206-001,공정해석 및 설계,4,3,전공선택,상대평가,화-화,19_22-23_26,60주년-707 60주년-808,김경수
CHE4209-001,분리공정,4,3,전공선택,상대평가,화-수,13_15-4_6,60주년-707,신내철
CHE4301-001,전기화학공학,4,3,전공선택,상대평가,화-수,16_18-10_12,5동110,최진섭
CHE4303-001,반도체공정공학,4,3,전공선택,상대평가,월-목,13_15-7_9,5동110,정지원
CHE4308-001,고분자화학,4,3,전공선택,상대평가,월-화,16_18-10_12,60주년-106 5동111,육지호
CHE4308-002,고분자화학,4,3,전공선택,절대평가,월-수,10_12-16_18,60주년-707,심상은
ORG4037-001,유기반도체 물리,4,3,전공선택,상대평가,화-수,4_6-7_9,60주년-712 60주년-708,박동혁
ORG4110-001,카본소재,4,3,전공선택,상대평가,월-수,1_3-10_12,60주년-708 60주년-509,양승재
ORG4306-001,에너지소재,4,3,전공선택,상대평가,수-목,13_15-10_12,60주년-609 60주년-709,박동혁
ORG4403-001,산업용유기신소재,4,3,전공선택,상대평가,월-화,10_12-1_3,2북663,전한용
MEG3110-001,기계공작법 1,3,3,전공선택,상대평가,월-수,13_15-13_15,2북370,김재도
MEG3110-002,기계공작법 1,3,3,전공선택,상대평가,월-수,16_18-16_18,2북370,김재도
MEG3110-003,기계공작법 1,3,3,전공선택,상대평가,월-화,10_12-10_12,2북364,이은상
MEG3110-004,기계공작법 1,3,3,전공선택,상대평가,월-화,7_9-13_15,2북364,이은상
MEG3110-005,기계공작법 1,3,3,전공선택,상대평가,수-금,4_6-4_6,2북365,신봉철
MEG3115-001,성형공정,3,3,전공선택,상대평가,화,1_6,2북374A,황병복
MEG3122-001,내연기관,3,3,전공선택,상대평가,화-목,4_6-7_9,2북365,이대엽
MEG3122-002,내연기관,3,3,전공선택,상대평가,월-화,13_15-13_15,2북367,문석수
MEG3151-001,유체역학 2,3,3,전공선택,상대평가,목,16_21,2북367,허재영
MEG3151-002,유체역학 2,3,3,전공선택,상대평가,금,16_21,2북367,허재영
MEG3162-001,동역학 2,3,3,전공선택,상대평가,화-목,4_6-4_6,2북370,이우식
MEG3162-002,동역학 2,3,3,전공선택,상대평가,화-목,10_12-10_12,2북370,이우식
MEG3165-001,자동제어,3,3,전공선택,상대평가,화,13_18,2북370,최승복
MEG3165-002,자동제어,3,3,전공선택,절대평가,월-수,4_6-1_3,2북367,김기우
MEG3165-003,자동제어,3,3,전공선택,절대평가,월-화,10_12-1_3,2북365,김기우
MEG3175-001,확률및통계,3,3,전공선택,상대평가,수,4_9,2북364,엄태원
MEG3175-002,확률및통계,3,3,전공선택,상대평가,목,7_12,60주년-711,엄태원
MEG3175-003,확률및통계,3,3,전공선택,상대평가,금,1_6,2북274,엄태원
MEG3185-001,기계공학일반설계 1,3,3,전공선택,절대평가,금,1_6,2북374A,정동수
MEG4080-002,기계공학종합설계,4,3,전공필수,Pass/Fail,목,19_24,2북370,이우식
MEG4080-003,기계공학종합설계,4,3,전공필수,Pass/Fail,월,19_24,2북365,조종두
MEG4080-004,기계공학종합설계,4,3,전공필수,Pass/Fail,화,16_21,2북374A,황병복
MEG4080-005,기계공학종합설계,4,3,전공필수,Pass/Fail,월,19_24,2북367,이상권
MEG4080-006,기계공학종합설계,4,3,전공필수,Pass/Fail,목,19_24,2북364,이은상
MEG4080-007,기계공학종합설계,4,3,전공필수,Pass/Fail,월,16_21,2북363A,김선민
MEG4080-008,기계공학종합설계,4,3,전공필수,Pass/Fail,월,19_24,2북370,김주형
MEG4103-001,구조역학,4,3,전공선택,상대평가,월-목,4_6-10_12,2북364,조종두
MEG4104-001,초소형기계시스템,4,3,전공선택,상대평가,화-목,7_9-10_12,2북365,강태준
MEG4112-001,CAD/CAM,4,3,전공선택,Pass/Fail,화,13_18,2북378A,이철희
MEG4112-002,CAD/CAM,4,3,전공선택,Pass/Fail,월,13_18,2북378A,신봉철
MEG4125-001,공조및냉동,4,3,전공선택,상대평가,화-목,1_3-13_15,2북367,정동수
MEG4129-001,발전플랜트 공학,4,3,전공선택,상대평가,월-수,13_15-13_15,2북365,김동섭
MEG4153-001,유압공학,4,3,전공선택,상대평가,화-목,1_3-10_12,2북274,이승배
