ACE1301-014,정보사회와컴퓨터,전체,3,교양필수,상대평가,수-수,1_2-3_6,60주년-711 60주년-808,장인주
ACE1301-015,정보사회와컴퓨터,전체,3,교양필수,상대평가,금-금,1_2-3_6,5서255 5동116A,이윤정
MSE2104-001,LINC+세미나,전체,3,전공선택,절대평가,목,19_24,60주년-710,현승균
MSE3101-001,금속가공학,전체,3,전공선택,절대평가,화,16_21,60주년-710,현승균
MSE3102-001,주요부품 기본설계,전체,3,전공선택,절대평가,월,16_21,60주년-608,이철희
MSE3103-001,반도체공학,전체,3,전공선택,절대평가,월-목,16_18-10_12,60주년-609,정지원
MSE3104-001,디스플레이공학,전체,3,전공선택,절대평가,수,16_21,60주년-710,이정환
MSE3122-001,반도체공정실습,전체,3,전공선택,절대평가,화,16_21,60주년-711,이정환
MSE3138-001,나노·반도체분석,전체,3,전공선택,절대평가,월-수,4_6-10_12,5서451 5남334,박현순
MSE3139-001,화공재료분석,전체,3,전공선택,절대평가,수-목,4_6-4_6,60주년-611 60주년-708,김승현
MSE4102-001,첨단소재공정 PBL,전체,3,전공선택,절대평가,수,19_24,5동102,이기안
MSE4106-001,반도체공정 및 장비 PBL,전체,3,전공선택,절대평가,월,19_24,5동102,최리노
MSE4110-001,첨단소재분석 PBL,전체,3,전공선택,절대평가,화,19_24,5동102,김승현
CHM1021-005,화학 1,1,3,교양필수,상대평가,월-수,1_3-4_6,5동505,김동욱
CHM1021-006,화학 1,1,3,교양필수,상대평가,화-금,7_9-4_6,5동507,조창범
CHM1028-006,화학실험 1,1,1,교양필수,상대평가,수,9_12,5동511,김동욱
CHM1028-007,화학실험 1,1,1,교양필수,상대평가,목,13_16,5동510,이완인
CHM1028-008,화학실험 1,1,1,교양필수,상대평가,화,1_4,5동511,이완인
MTH1001-011,일반수학 1,1,3,교양필수,상대평가,월-수,1_3-4_6,5동106A,남궁정일
MTH1001-012,일반수학 1,1,3,교양필수,상대평가,화-목,1_3-10_12,5동106A,전용운
MTH1001-013,일반수학 1,1,3,교양필수,상대평가,수-금,10_12-10_12,5동107A,강현배
PHY1001-012,물리학 1,1,3,교양필수,상대평가,월-수,13_15-13_15,5동405,홍석민
PHY1001-013,물리학 1,1,3,교양필수,상대평가,화-금,10_12-1_3,5동405,차동우
PHY1003-010,물리학실험 1,1,1,교양필수,상대평가,화,5_8,5동313,이근섭
PHY1003-011,물리학실험 1,1,1,교양필수,상대평가,목,13_16,5동313,허남정
PHY1003-012,물리학실험 1,1,1,교양필수,상대평가,월,5_8,5동313,류한열
ACE2101-012,공업수학 1,2,3,교양필수,상대평가,금,4_9,5서255,이경심
ACE2101-013,공업수학 1,2,3,교양필수,상대평가,화-목,1_3-4_6,5동107A,전성기
ACE2101-014,공업수학 1,2,3,교양필수,상대평가,화-목,4_6-1_3,5동107A,전성기
MSE2001-001,재료과학 1,2,3,전공필수,상대평가,월-화,16_18-10_12,5서452,조원승
MSE2001-002,재료과학 1,2,3,전공필수,상대평가,화-수,16_18-10_12,5서452,조원승
MSE2001-003,재료과학 1,2,3,전공필수,상대평가,월-화,16_18-10_12,5서252,박현순
MSE2001-004,재료과학 1,2,3,전공필수,상대평가,월-화,4_6-10_12,5서255,이기안
MSE2003-001,물리화학 1,2,3,전공필수,상대평가,월-수,13_15-1_3,5서255,현승균
MSE2003-002,물리화학 1,2,3,전공필수,상대평가,월-수,13_15-1_3,5서252,정대용
MSE2003-003,물리화학 1,2,3,전공필수,절대평가,월-수,13_15-1_3,5서452,이정환
MSE2005-001,재료역학,2,3,전공필수,상대평가,월-수,10_12-16_18,5서452,조원승
MSE2005-002,재료역학,2,3,전공필수,상대평가,월-수,10_12-16_18,5서252,박현순
MSE2005-003,재료역학,2,3,전공필수,상대평가,화-수,4_6-4_6,5서252,박현순
MSE2006-001,결정학,2,3,전공필수,상대평가,화-목,4_6-10_12,5서452,고태경
MSE2006-002,결정학,2,3,전공필수,상대평가,화-목,13_15-4_6,5서452,고태경
MSE2006-003,결정학,2,3,전공필수,절대평가,월-수,10_12-16_18,5서255,김상섭
MSE2006-004,결정학,2,3,전공필수,절대평가,월-수,16_18-10_12,5서255,김상섭
MSE2011-001,세라믹원료,2,3,전공선택,상대평가,화-수,1_3-13_15,5서452,황해진
MSE2009-001,물리금속학,3,3,전공선택,절대평가,화-수,1_3-4_6,5서260,김윤준
MSE3001-001,재료공학실험 1,3,2,전공필수,상대평가,금,1_8,5서252,현승균
MSE3001-002,재료공학실험 1,3,2,전공필수,상대평가,금,1_8,5서260,고태경
MSE3001-003,재료공학실험 1,3,2,전공필수,상대평가,금,1_8,5서452,조남희
MSE3001-004,재료공학실험 1,3,2,전공필수,상대평가,금,1_8,5서351,조원승
MSE3001-005,재료공학실험 1,3,2,전공필수,상대평가,금,1_8,5서353,황해진
MSE3001-006,재료공학실험 1,3,2,전공필수,상대평가,금,9_16,5서252,김상섭
MSE3001-007,재료공학실험 1,3,2,전공필수,상대평가,금,9_16,5서260,정대용
MSE3001-008,재료공학실험 1,3,2,전공필수,상대평가,금,9_16,5서452,이기안
MSE3003-001,재료열역학,3,3,전공필수,절대평가,월-수,4_6-7_9,5서452,이정환
MSE3003-002,재료열역학,3,3,전공필수,상대평가,화,13_18,5서255,황운석
MSE3009-001,전자재료물성,3,3,전공선택,절대평가,수-목,1_3-4_6,5서260,함명관
MSE3009-002,전자재료물성,3,3,전공선택,상대평가,수-목,10_12-16_18,5서260,함명관
MSE3011-001,재료강도학,3,3,전공선택,상대평가,월-화,10_12-1_3,5서260 5서255,이기안
MSE3017-001,제선공학,3,3,전공선택,상대평가,목,10_15,5서252,유병돈
MSE3022-001,열관리공학,3,3,전공선택,상대평가,화,13_18,5서252,김명호
MSE3025-001,반도체소자,3,3,전공선택,상대평가,월-화,4_6-4_6,5서260,최리노
MSE3025-002,반도체소자,3,3,전공선택,절대평가,월-화,16_18-10_12,5서260,최리노
MSE3025-003,반도체소자,3,3,전공선택,상대평가,수-목,16_18-10_12,5서260,함명관
MSE3013-001,철강재료,4,3,전공선택,상대평가,화-수,13_15-13_15,5서260,김윤준
MSE4001-001,신소재공학종합설계,4,4,전공필수,Pass/Fail,금-토,1_6-1_6,5북247 5서252,김형순_박현순
MSE4001-002,신소재공학종합설계,4,4,전공필수,Pass/Fail,금-토,7_12-1_6,5북247 5서260,최리노_함명관
MSE4001-003,신소재공학종합설계,4,4,전공필수,Pass/Fail,금-토,13_18-1_6,5서255,김윤준_이정환
MSE4004-001,전자세라믹스,4,3,전공선택,상대평가,월-수,4_6-10_12,5서252,정대용
MSE4012-001,고체반응론,4,3,전공선택,절대평가,화-목,4_6-4_6,5서255,조남희
MSE4013-001,전자패키지재료,4,3,전공선택,절대평가,월-화,13_15-7_9,5서260,김형순
MEG3110-005,기계공작법 1,3,3,전공선택,상대평가,수-금,4_6-4_6,2북365,신봉철
MEG3115-001,성형공정,3,3,전공선택,상대평가,화,1_6,2북374A,황병복
MEG3122-001,내연기관,3,3,전공선택,상대평가,화-목,4_6-7_9,2북365,이대엽
MEG3122-002,내연기관,3,3,전공선택,상대평가,월-화,13_15-13_15,2북367,문석수
MEG3151-001,유체역학 2,3,3,전공선택,상대평가,목,16_21,2북367,허재영
MEG3151-002,유체역학 2,3,3,전공선택,상대평가,금,16_21,2북367,허재영
MEG3162-001,동역학 2,3,3,전공선택,상대평가,화-목,4_6-4_6,2북370,이우식
MEG3162-002,동역학 2,3,3,전공선택,상대평가,화-목,10_12-10_12,2북370,이우식
MEG3165-001,자동제어,3,3,전공선택,상대평가,화,13_18,2북370,최승복
MEG3165-002,자동제어,3,3,전공선택,절대평가,월-수,4_6-1_3,2북367,김기우
MEG3165-003,자동제어,3,3,전공선택,절대평가,월-화,10_12-1_3,2북365,김기우
MEG3175-001,확률및통계,3,3,전공선택,상대평가,수,4_9,2북364,엄태원
MEG3175-002,확률및통계,3,3,전공선택,상대평가,목,7_12,60주년-711,엄태원
MEG3175-003,확률및통계,3,3,전공선택,상대평가,금,1_6,2북274,엄태원
MEG3185-001,기계공학일반설계 1,3,3,전공선택,절대평가,금,1_6,2북374A,정동수
MEG4080-002,기계공학종합설계,4,3,전공필수,Pass/Fail,목,19_24,2북370,이우식
MEG4080-003,기계공학종합설계,4,3,전공필수,Pass/Fail,월,19_24,2북365,조종두
MEG4080-004,기계공학종합설계,4,3,전공필수,Pass/Fail,화,16_21,2북374A,황병복
MEG4080-005,기계공학종합설계,4,3,전공필수,Pass/Fail,월,19_24,2북367,이상권
MEG4080-006,기계공학종합설계,4,3,전공필수,Pass/Fail,목,19_24,2북364,이은상
MEG4080-007,기계공학종합설계,4,3,전공필수,Pass/Fail,월,16_21,2북363A,김선민
MEG4080-008,기계공학종합설계,4,3,전공필수,Pass/Fail,월,19_24,2북370,김주형
MEG4103-001,구조역학,4,3,전공선택,상대평가,월-목,4_6-10_12,2북364,조종두
MEG4104-001,초소형기계시스템,4,3,전공선택,상대평가,화-목,7_9-10_12,2북365,강태준
MEG4112-001,CAD/CAM,4,3,전공선택,Pass/Fail,화,13_18,2북378A,이철희
MEG4112-002,CAD/CAM,4,3,전공선택,Pass/Fail,월,13_18,2북378A,신봉철
MEG4125-001,공조및냉동,4,3,전공선택,상대평가,화-목,1_3-13_15,2북367,정동수
MEG4129-001,발전플랜트 공학,4,3,전공선택,상대평가,월-수,13_15-13_15,2북365,김동섭
MEG4153-001,유압공학,4,3,전공선택,상대평가,화-목,1_3-10_12,2북274,이승배
