ACE1301-001,정보사회와컴퓨터,1,3,교양필수,상대평가,화-금,1_3-1_3,5남236B 2북370,원종구
ACE1301-002,정보사회와컴퓨터,1,3,교양필수,상대평가,화-금,4_6-4_6,5남236B 2북370,원종구
ACE1301-003,정보사회와컴퓨터,1,3,교양필수,상대평가,수-금,1_3-10_12,5남236B 2북370,원종구
ACE1301-004,정보사회와컴퓨터,1,3,교양필수,상대평가,수-금,4_6-13_15,5남236B 2북370,원종구
ACE1301-005,정보사회와컴퓨터,1,3,교양필수,상대평가,수,4_9,2북374A,노정훈
ACE1301-006,정보사회와컴퓨터,1,3,교양필수,상대평가,수,10_15,2북374A,노정훈
CHM1023-001,일반화학,1,3,교양필수,상대평가,월-수,13_15-13_15,5동505,곽일환
CHM1023-002,일반화학,1,3,교양필수,상대평가,화-목,1_3-10_12,5동505,김창곤
CHM1023-003,일반화학,1,3,교양필수,상대평가,화-목,4_6-7_9,5동505,조경철
CHM1027-001,일반화학실험,1,1,교양필수,상대평가,수,9_12,5동510,조창범
CHM1027-002,일반화학실험,1,1,교양필수,상대평가,목,1_4,5동510,고훈영
CHM1027-003,일반화학실험,1,1,교양필수,상대평가,월,5_8,5동510,김명웅
CHM1027-004,일반화학실험,1,1,교양필수,상대평가,목,5_8,5동510,조창범
MTH1001-001,일반수학 1,1,3,교양필수,상대평가,수-금,4_6-1_3,5동107A,조태창
MTH1001-002,일반수학 1,1,3,교양필수,상대평가,월-금,7_9-4_6,5동105A,박성화
MTH1001-003,일반수학 1,1,3,교양필수,상대평가,화-목,13_15-13_15,5동107B,오승익
MTH1001-004,일반수학 1,1,3,교양필수,상대평가,수-금,10_12-7_9,5동105B,이춘란
PHY1001-002,물리학 1,1,3,교양필수,상대평가,월-수,1_3-4_6,5동406,김두영
PHY1001-003,물리학 1,1,3,교양필수,상대평가,월-금,7_9-10_12,5동406,이병로
PHY1001-004,물리학 1,1,3,교양필수,상대평가,화-목,1_3-10_12,5동407,김말진
PHY1003-001,물리학실험 1,1,1,교양필수,절대평가,화,1_4,5동315,울룩백약시
PHY1003-002,물리학실험 1,1,1,교양필수,상대평가,화,13_16,5동313,노재우
PHY1003-003,물리학실험 1,1,1,교양필수,상대평가,목,13_16,5동315,김기식
ACE2101-001,공업수학 1,2,3,교양필수,상대평가,월-목,7_9-4_6,2북365,문석수
ACE2101-002,공업수학 1,2,3,교양필수,상대평가,월-수,4_6-1_3,5동107A,장태수
ACE2101-003,공업수학 1,2,3,교양필수,상대평가,수-금,7_9-4_6,5동107A,최경표
ACE2101-004,공업수학 1,2,3,교양필수,상대평가,화-목,10_12-4_6,5동106B,오승익
MEG2073-001,전기회로및실습,2,3,전공선택,상대평가,수-수,5_8-13_16,2북367 2북278B,김진걸
MEG2074-001,재료과학,2,3,전공선택,상대평가,화-목,4_6-4_6,2북274,강태준
MEG2074-002,재료과학,2,3,전공선택,상대평가,월-수,10_12-10_12,2북370,이상의
MEG2076-001,선형대수,2,3,전공선택,상대평가,화-목,10_12-16_18,2북274,윤상희
MEG2076-002,선형대수,2,3,전공선택,상대평가,화-수,4_6-10_12,2북367,강재영
MEG2101-001,재료역학 1,2,3,전공필수,상대평가,월-목,10_12-4_6,2북367,조종두
MEG2101-002,재료역학 1,2,3,전공필수,절대평가,화-목,1_3-1_3,2북370,이상의
MEG2101-003,재료역학 1,2,3,전공필수,상대평가,금,1_6,2북364,김재민
MEG2101-004,재료역학 1,2,3,전공필수,상대평가,금,7_12,2북364,김재민
MEG2101-005,재료역학 1,2,3,전공필수,상대평가,금,13_18,2북364,김재민
MEG2120-001,열역학 1,2,3,전공필수,상대평가,월-수,4_6-7_9,2북274,김동섭
MEG2120-002,열역학 1,2,3,전공필수,상대평가,화-목,13_15-13_15,2북365,이대엽
MEG2120-003,열역학 1,2,3,전공필수,절대평가,월-수,4_6-4_6,2북370,김선민
MEG2120-004,열역학 1,2,3,전공필수,절대평가,월-수,7_9-1_3,2북370,김주형
MEG2120-005,열역학 1,2,3,전공필수,상대평가,화-목,7_9-13_15,2북364,문석수
MEG2160-001,동역학 1,2,3,전공필수,상대평가,월-수,10_12-4_6,2북274,윤상희
MEG2160-002,동역학 1,2,3,전공필수,절대평가,화-목,4_6-4_6,2북364,윤상희
MEG2160-003,동역학 1,2,3,전공필수,상대평가,월-수,13_15-1_3,2북364,강재영
MEG2160-004,동역학 1,2,3,전공필수,상대평가,수,10_15,2북364,김창부
MEG3013-001,전산제도,3,3,전공선택,상대평가,월,1_8,2북374A,황병복
MEG3013-002,전산제도,3,3,전공선택,상대평가,월,9_16,2북374A,황병복
MEG3013-003,전산제도,3,3,전공선택,상대평가,화,7_14,2북374A,황병복
MEG3013-004,전산제도,3,3,전공선택,상대평가,수,1_8,2북378A,이선곤
MEG3013-005,전산제도,3,3,전공선택,상대평가,수,9_16,2북378A,이선곤
MEG3077-001,수치해석,3,3,전공선택,상대평가,월-수,13_15-10_12,2북274,윤상희
MEG3077-002,수치해석,3,3,전공선택,상대평가,화-목,13_15-13_15,2북274,강태준
MEG3077-003,수치해석,3,3,전공선택,절대평가,월-수,7_9-7_9,2북274 2북370,이상의
MEG3078-001,기계공학실험A,3,2,전공필수,상대평가,금,1_8,2북378B,강재영
MEG3078-002,기계공학실험A,3,2,전공필수,상대평가,금,9_16,2북378B,강재영
MEG3079-001,기계공학실험B,3,2,전공필수,상대평가,수,1_8,2북378B,문석수
MEG3079-002,기계공학실험B,3,2,전공필수,상대평가,수,9_16,2북378B,문석수
MEG3082-001,생산공정실험,3,1,전공필수,상대평가,화,9_12,2북378B,김재도
MEG3082-002,생산공정실험,3,1,전공필수,상대평가,목,1_4,2북378B,이은상
MEG3082-003,생산공정실험,3,1,전공필수,상대평가,목,9_12,2북378B,이은상
MEG3104-001,기계요소설계,3,3,전공선택,상대평가,월-목,4_6-1_3,2북365,이철희
MEG3104-002,기계요소설계,3,3,전공선택,상대평가,화-목,7_9-1_3,2북274,이선곤
MEG3104-003,기계요소설계,3,3,전공선택,상대평가,월-목,16_18-7_9,2북364,이선곤
MEG3104-004,기계요소설계,3,3,전공선택,상대평가,금,13_18,2북365,고현우
MEG3106-001,기계재료,3,3,전공선택,상대평가,화-목,10_12-10_12,2북367,권오양
MEG3110-001,기계공작법 1,3,3,전공선택,상대평가,월-수,13_15-13_15,2북370,김재도
MEG3110-002,기계공작법 1,3,3,전공선택,상대평가,월-수,16_18-16_18,2북370,김재도
MEG3110-003,기계공작법 1,3,3,전공선택,상대평가,월-화,10_12-10_12,2북364,이은상
MEG3110-004,기계공작법 1,3,3,전공선택,상대평가,월-화,7_9-13_15,2북364,이은상
MEG3110-005,기계공작법 1,3,3,전공선택,상대평가,수-금,4_6-4_6,2북365,신봉철
MEG3115-001,성형공정,3,3,전공선택,상대평가,화,1_6,2북374A,황병복
MEG3122-001,내연기관,3,3,전공선택,상대평가,화-목,4_6-7_9,2북365,이대엽
MEG3122-002,내연기관,3,3,전공선택,상대평가,월-화,13_15-13_15,2북367,문석수
MEG3151-001,유체역학 2,3,3,전공선택,상대평가,목,16_21,2북367,허재영
MEG3151-002,유체역학 2,3,3,전공선택,상대평가,금,16_21,2북367,허재영
MEG3162-001,동역학 2,3,3,전공선택,상대평가,화-목,4_6-4_6,2북370,이우식
MEG3162-002,동역학 2,3,3,전공선택,상대평가,화-목,10_12-10_12,2북370,이우식
MEG3165-001,자동제어,3,3,전공선택,상대평가,화,13_18,2북370,최승복
MEG3165-002,자동제어,3,3,전공선택,절대평가,월-수,4_6-1_3,2북367,김기우
MEG3165-003,자동제어,3,3,전공선택,절대평가,월-화,10_12-1_3,2북365,김기우
MEG3175-001,확률및통계,3,3,전공선택,상대평가,수,4_9,2북364,엄태원
MEG3175-002,확률및통계,3,3,전공선택,상대평가,목,7_12,60주년-711,엄태원
MEG3175-003,확률및통계,3,3,전공선택,상대평가,금,1_6,2북274,엄태원
MEG3185-001,기계공학일반설계 1,3,3,전공선택,절대평가,금,1_6,2북374A,정동수
MEG4080-002,기계공학종합설계,4,3,전공필수,Pass/Fail,목,19_24,2북370,이우식
MEG4080-003,기계공학종합설계,4,3,전공필수,Pass/Fail,월,19_24,2북365,조종두
MEG4080-004,기계공학종합설계,4,3,전공필수,Pass/Fail,화,16_21,2북374A,황병복
MEG4080-005,기계공학종합설계,4,3,전공필수,Pass/Fail,월,19_24,2북367,이상권
MEG4080-006,기계공학종합설계,4,3,전공필수,Pass/Fail,목,19_24,2북364,이은상
MEG4080-007,기계공학종합설계,4,3,전공필수,Pass/Fail,월,16_21,2북363A,김선민
MEG4080-008,기계공학종합설계,4,3,전공필수,Pass/Fail,월,19_24,2북370,김주형
MEG4103-001,구조역학,4,3,전공선택,상대평가,월-목,4_6-10_12,2북364,조종두
MEG4104-001,초소형기계시스템,4,3,전공선택,상대평가,화-목,7_9-10_12,2북365,강태준
MEG4112-001,CAD/CAM,4,3,전공선택,Pass/Fail,화,13_18,2북378A,이철희
MEG4112-002,CAD/CAM,4,3,전공선택,Pass/Fail,월,13_18,2북378A,신봉철
MEG4125-001,공조및냉동,4,3,전공선택,상대평가,화-목,1_3-13_15,2북367,정동수
MEG4129-001,발전플랜트 공학,4,3,전공선택,상대평가,월-수,13_15-13_15,2북365,김동섭
MEG4153-001,유압공학,4,3,전공선택,상대평가,화-목,1_3-10_12,2북274,이승배
